,filename,results
0,1664525395845832700_frame0.jpg,"['tv', 'cnn', 'cnn']"
1,1679793606799433700_frame0.jpg,"['tv', 'fox_news']"
2,1678522915336814600_frame0.jpg,"['tv', 'fox_news']"
3,1680710281136795600_frame0.jpg,"['tv', 'fox_news']"
4,1678350253662789600_frame0.jpg,"['tv', 'fox_news', 'cnn']"
5,1680897238529818600_frame0.jpg,"['tv', 'fox_news']"
6,1679387047539806200_frame0.jpg,"['tv', 'fox_news']"
7,1684546491319918600_frame0.jpg,"['tv', 'cbs']"
8,1654799115801944000_frame0.jpg,"['tv', 'msnbc', 'tv']"
9,1666519309179973600_frame0.jpg,"['tv', 'espn']"
10,1666127679142801400_frame0.jpg,"['tv', 'msnbc']"
11,1670168244951990300_frame0.jpg,"['tv', 'tnt', 'tv']"
12,1678738846495342600_frame0.jpg,"['tv', 'fox_news', 'tv', 'tv']"
13,1684626507437252600_frame0.jpg,"['tv', 'cbs', 'cbs']"
14,1669282307015508000_frame0.jpg,"['tv', 'abc']"
15,1684566573903249400_frame0.jpg,"['tv', 'tv', 'cbs']"
16,1684588413908471800_frame0.jpg,"['tv', 'cbs', 'cbs']"
17,1665401139157311500_frame0.jpg,"['tv', 'msnbc']"
18,1662460689832321000_frame0.jpg,"['tv', 'cnn']"
19,1646484711939317800_frame0.jpg,"['tv', 'cbs', 'cbs', 'tv', 'tv']"
20,1682658954888421400_frame0.jpg,"['tv', 'fox_news']"
21,1682839133493522400_frame0.jpg,"['tv', 'fox_news', 'tv']"
22,1684601954694721500_frame0.jpg,"['tv', 'cbs', 'cbs']"
23,1673065212959359000_frame0.jpg,"['tv', 'abc']"
24,1669665210580951000_frame0.jpg,"['tv', 'cnn']"
25,1674050037761540000_frame0.jpg,"['tv', 'abc', 'espn', 'espn']"
26,1684635095757090800_frame0.jpg,"['tv', 'cbs', 'cbs']"
27,1668178821276311600_frame0.jpg,"['tv', 'cnn', 'tv']"
28,1666878619126931500_frame0.jpg,"['tv', 'tnt']"
29,1668206059933724700_frame0.jpg,"['tv', 'cnn']"
30,1658807533122388000_frame0.jpg,"['tv', 'espn', 'tv']"
31,1668975913540329500_frame0.jpg,"['tv', 'msnbc']"
32,1684598091413581800_frame0.jpg,"['tv', 'cbs', 'cbs']"
33,1643159670761742300_frame0.jpg,['tv']
34,1669845888828199000_frame0.jpg,"['tv', 'cnn']"
35,1678832079359565800_frame0.jpg,"['tv', 'abc']"
36,1662890145877119000_frame0.jpg,"['tv', 'cnn', 'cnn']"
37,1666487516405981200_frame0.jpg,"['tv', 'espn', 'tnt', 'tv']"
38,1653024841349054500_frame0.jpg,"['tv', 'tv', 'espn', 'espn']"
39,1665130365393674200_frame0.jpg,"['tv', 'msnbc']"
40,1667902528337010700_frame0.jpg,"['tv', 'cnn']"
41,1680716267901796400_frame0.jpg,"['tv', 'cbs', 'cbs']"
42,1646301618603397000_frame0.jpg,"['tv', 'cbs']"
43,1718024678607528000_frame0.jpg,"['tv', 'cbs']"
44,1672921916131844000_frame0.jpg,"['tv', 'msnbc']"
45,1683791222562427000_frame0.jpg,"['tv', 'espn', 'espn']"
46,1666548568715980800_frame0.jpg,"['tv', 'abc', 'abc', 'abc', 'espn']"
47,1732982334115926000_frame0.jpg,['tv']
48,1684546159110123500_frame0.jpg,"['tv', 'cbs', 'cbs', 'espn']"
49,1735740488947880000_frame0.jpg,"['tv', 'cbs']"
50,1717995591776182300_frame0.jpg,"['tv', 'cbs']"
51,1717997181970985000_frame0.jpg,"['tv', 'cbs']"
52,1684609279711060000_frame0.jpg,"['tv', 'cbs']"
53,1653449952241680400_frame0.jpg,"['tv', 'tv', 'espn']"
54,1662109773765546000_frame0.jpg,"['tv', 'cnn', 'cnn']"
55,1668950629076291600_frame0.jpg,"['tv', 'abc', 'abc']"
56,1666419254456512500_frame0.jpg,"['tv', 'espn', 'espn']"
57,1666190390040043500_frame0.jpg,"['tv', 'tnt', 'cbs']"
58,1657855325249769500_frame0.jpg,"['tv', 'tnt']"
59,1732939477518651400_frame0.jpg,"['tv', 'cbs']"
60,1673600915296321500_frame0.jpg,"['tv', 'msnbc']"
61,1683902951610978300_frame0.jpg,"['tv', 'espn']"
62,1676677154340954000_frame0.jpg,"['tv', 'tnt']"
63,1684289094722646000_frame0.jpg,['tv']
64,1719707108401746000_frame0.jpg,"['tv', 'tnt']"
65,1663164264044580900_frame0.jpg,"['tv', 'cnn']"
66,1657478700943384600_frame0.jpg,"['tv', 'tnt']"
67,1684543927971082200_frame0.jpg,"['tv', 'cbs', 'cnn']"
68,1658212288668143600_frame0.jpg,"['tv', 'tnt']"
69,1677714346744045600_frame0.jpg,"['tv', 'tnt']"
70,1684554072641831000_frame0.jpg,"['tv', 'cbs', 'cbs', 'tv']"
71,1661076244109832200_frame0.jpg,['tv']
72,1684571389589258200_frame0.jpg,"['tv', 'cbs', 'cbs', 'tv']"
73,1642910814287556600_frame0.jpg,"['tv', 'msnbc']"
74,1657463224741671000_frame0.jpg,"['tv', 'tnt']"
75,1674761976888168400_frame0.jpg,"['tv', 'abc', 'abc']"
76,1684637238241128400_frame0.jpg,"['tv', 'cbs', 'cbs']"
77,1666554637647372300_frame0.jpg,"['tv', 'abc', 'espn']"
78,1684306076339638300_frame0.jpg,"['tv', 'espn', 'espn']"
79,1669589628065267700_frame0.jpg,"['tv', 'tv', 'cnn', 'fox_news', 'tv']"
80,1659153594206744600_frame0.jpg,"['tv', 'cbs', 'cbs']"
81,1684301387690672000_frame0.jpg,"['tv', 'espn']"
82,1666786559724150800_frame0.jpg,"['tv', 'abc']"
83,1684723132247572500_frame0.jpg,"['tv', 'espn']"
84,1684480591082332200_frame0.jpg,"['tv', 'fox_news']"
85,1654283804086395000_frame0.jpg,"['tv', 'tnt']"
86,1684606680349921300_frame0.jpg,"['tv', 'fox_news']"
87,1719700178983719000_frame0.jpg,"['tv', 'cbs']"
88,1684549559876845600_frame0.jpg,"['tv', 'cbs', 'cbs']"
89,1679939961836626000_frame0.jpg,"['tv', 'fox_news']"
90,1676250518659358700_frame0.jpg,"['tv', 'espn']"
91,1668952216267989000_frame0.jpg,"['tv', 'abc', 'abc', 'espn']"
92,1679061171124084700_frame0.jpg,"['tv', 'cbs', 'tv', 'tv']"
93,1657458575443767300_frame0.jpg,"['tv', 'tnt']"
94,1655841784393195500_frame0.jpg,"['tv', 'msnbc']"
95,1684306068404039700_frame0.jpg,['tv']
96,1672490827290583000_frame0.jpg,"['tv', 'msnbc']"
97,1665391506048970800_frame0.jpg,['tv']
98,1661965522666786800_frame0.jpg,"['tv', 'cnn', 'cnn']"
99,1682312676153303000_frame0.jpg,"['tv', 'fox_news']"
100,1670134963250471000_frame0.jpg,"['tv', 'cnn']"
101,1677470699482079200_frame0.jpg,"['tv', 'fox_news']"
102,1665157554889597000_frame0.jpg,"['tv', 'cnn']"
103,1664308270254383000_frame0.jpg,"['tv', 'cbs', 'cbs', 'tv', 'tv', 'cbs']"
104,1682890948922609700_frame0.jpg,"['tv', 'tnt']"
105,1644946911796408300_frame0.jpg,"['tv', 'msnbc']"
106,1666196531675504600_frame0.jpg,"['tv', 'msnbc']"
107,1655845896237166600_frame0.jpg,"['tv', 'msnbc']"
108,1667589243482001400_frame0.jpg,"['tv', 'msnbc']"
109,1666374313504145400_frame0.jpg,"['tv', 'espn']"
110,1641145037540679700_frame0.jpg,"['tv', 'cbs', 'cbs', 'tv']"
111,1658160905755684900_frame0.jpg,"['tv', 'tnt']"
112,1684533998228906000_frame0.jpg,"['tv', 'espn']"
113,1684597286732112000_frame0.jpg,"['tv', 'cbs', 'cbs']"
114,1660241719330959400_frame0.jpg,"['tv', 'cnn']"
115,1671234667241554000_frame0.jpg,"['tv', 'abc', 'espn', 'abc']"
116,1643351787706617900_frame0.jpg,"['tv', 'cbs', 'cbs', 'cbs']"
117,1656029068832919600_frame0.jpg,"['tv', 'espn', 'espn']"
118,1667052917548445700_frame0.jpg,"['tv', 'msnbc']"
119,1680545930660626400_frame0.jpg,"['tv', 'fox_news']"
120,1642133786848260000_frame0.jpg,"['tv', 'cbs']"
121,1677604114755858400_frame0.jpg,"['tv', 'espn']"
122,1667192955108122600_frame0.jpg,"['tv', 'espn']"
123,1675837005637988400_frame0.jpg,"['tv', 'msnbc']"
124,1683610486404354000_frame0.jpg,"['tv', 'abc']"
125,1682995790340984800_frame0.jpg,"['tv', 'fox_news']"
126,1718016837565915100_frame0.jpg,"['tv', 'cbs']"
127,1683873386243129300_frame0.jpg,"['tv', 'cbs', 'cbs', 'cbs']"
128,1671616244056395800_frame0.jpg,"['tv', 'abc']"
129,1671219556225429500_frame0.jpg,"['tv', 'abc']"
130,1666424636004429800_frame0.jpg,"['tv', 'espn']"
131,1667461120731967500_frame0.jpg,"['tv', 'msnbc']"
132,1684543320128352300_frame0.jpg,"['tv', 'cbs']"
133,1671534751271399400_frame0.jpg,"['tv', 'cnn']"
134,1664763062013517800_frame0.jpg,"['tv', 'cnn']"
135,1665306844207358000_frame0.jpg,"['tv', 'cnn']"
136,1670173287482699800_frame0.jpg,"['tv', 'tnt']"
137,1684571120235184000_frame0.jpg,"['tv', 'cbs', 'cbs', 'tv', 'tv']"
138,1673039607974944800_frame0.jpg,"['tv', 'tv', 'tnt']"
139,1683866041857413000_frame0.jpg,"['tv', 'fox_news']"
140,1665044942294118400_frame0.jpg,"['tv', 'cnn', 'cnn']"
141,1683924338648092700_frame0.jpg,"['tv', 'espn']"
142,1671616988348158000_frame0.jpg,"['tv', 'abc', 'abc', 'espn']"
143,1671760982231306200_frame0.jpg,"['tv', 'cnn']"
144,1657967181813641200_frame0.jpg,"['tv', 'msnbc']"
145,1677972745431855000_frame0.jpg,"['tv', 'fox_news']"
146,1684619036597493800_frame0.jpg,"['tv', 'tv', 'cbs', 'cbs']"
147,1669362552393482200_frame0.jpg,"['tv', 'cnn']"
148,1684561904590127000_frame0.jpg,"['tv', 'cbs', 'tv', 'cbs', 'tv']"
149,1684568054991810600_frame0.jpg,"['tv', 'espn']"
150,1672685144206549000_frame0.jpg,"['tv', 'tnt']"
151,1667983948438892500_frame0.jpg,"['tv', 'cnn']"
152,1670149047857463300_frame0.jpg,"['tv', 'tnt']"
153,1674028539235541000_frame0.jpg,"['tv', 'abc']"
154,1666446934384074800_frame0.jpg,"['tv', 'espn']"
155,1717227135158042600_frame0.jpg,"['tv', 'cbs', 'cbs']"
156,1661066022242828300_frame0.jpg,"['tv', 'cnn']"
157,1684547652630421500_frame0.jpg,"['tv', 'cbs', 'cbs']"
158,1676700873209761800_frame0.jpg,"['tv', 'tnt', 'tnt']"
159,1684543849986302000_frame0.jpg,"['tv', 'msnbc']"
160,1684326043260862500_frame0.jpg,"['tv', 'espn']"
161,1682393053010129000_frame0.jpg,"['tv', 'fox_news']"
162,1657036286713766000_frame0.jpg,"['tv', 'msnbc']"
163,1683904527796867000_frame0.jpg,"['tv', 'fox_news']"
164,1669655957216448500_frame0.jpg,"['tv', 'cnn']"
165,1664301452476145700_frame0.jpg,"['tv', 'tnt']"
166,1735351925613834200_frame0.jpg,"['tv', 'cbs', 'cbs']"
167,1643170494024880000_frame0.jpg,"['tv', 'msnbc']"
168,1670056054324551700_frame0.jpg,"['tv', 'cbs', 'cbs']"
169,1661978026289766400_frame0.jpg,"['cnn', 'tv']"
170,1682887561812439000_frame0.jpg,"['tv', 'fox_news']"
171,1657519604496400400_frame0.jpg,"['tv', 'tnt']"
172,1657503860886970400_frame0.jpg,"['tv', 'tnt']"
173,1663514412708814800_frame0.jpg,"['tv', 'cnn', 'cnn']"
174,1648184756682170400_frame0.jpg,"['tv', 'msnbc']"
175,1671616671233691600_frame0.jpg,"['tv', 'abc', 'abc', 'espn']"
176,1684622175190982700_frame0.jpg,"['tv', 'cbs', 'cbs']"
177,1662699976813289500_frame0.jpg,"['cnn', 'tv']"
178,1666484766720942000_frame0.jpg,"['tv', 'cbs', 'cbs']"
179,1679176438705676300_frame0.jpg,"['tv', 'cbs']"
180,1644251599666774000_frame0.jpg,"['tv', 'msnbc']"
181,1666472302352556000_frame0.jpg,"['tv', 'tv', 'espn']"
182,1655524979036409900_frame0.jpg,"['tv', 'msnbc']"
183,1657517023644627000_frame0.jpg,"['tv', 'tnt', 'tnt']"
184,1684615356041261000_frame0.jpg,"['tv', 'cbs', 'cbs']"
185,1668989055515304000_frame0.jpg,"['tv', 'abc', 'abc']"
186,1638468266739486700_frame0.jpg,"['tv', 'msnbc']"
187,1684546828202180600_frame0.jpg,"['tv', 'cbs', 'tv']"
188,1679155918937325600_frame0.jpg,"['tv', 'espn']"
189,1682939071296516000_frame0.jpg,"['tv', 'fox_news']"
190,1684148379103363000_frame0.jpg,"['tv', 'espn']"
191,1678732267914125300_frame0.jpg,"['tv', 'fox_news']"
192,1679947591925698600_frame0.jpg,"['tv', 'fox_news']"
193,1650056298596708400_frame0.jpg,"['tv', 'fox_news']"
194,1643709553021313000_frame0.jpg,['tv']
195,1657430250616795100_frame0.jpg,['tv']
196,1660059653632966700_frame0.jpg,"['tv', 'tnt']"
197,1679745032636141600_frame0.jpg,"['tv', 'fox_news']"
198,1684632775090503700_frame0.jpg,"['tv', 'tv', 'cbs', 'cbs', 'espn']"
199,1679803022630260700_frame0.jpg,"['fox_news', 'tv', 'fox_news']"
200,1683865118900875300_frame0.jpg,"['tv', 'espn']"
201,1657804315684872200_frame0.jpg,"['tv', 'tv']"
202,1684553726351671300_frame0.jpg,"['tv', 'cbs', 'espn', 'tv']"
203,1658187148437786600_frame0.jpg,"['tv', 'tnt']"
204,1651982835118080000_frame0.jpg,"['tv', 'espn']"
205,1646951127234723800_frame0.jpg,"['tv', 'espn']"
206,1666415257343520800_frame0.jpg,"['tv', 'abc', 'espn']"
207,1651165446981881900_frame0.jpg,"['tv', 'espn']"
208,1666499564808437800_frame0.jpg,"['tv', 'abc', 'abc', 'espn']"
209,1666477225832116200_frame0.jpg,"['tv', 'cbs', 'cbs']"
210,1684566725493911600_frame0.jpg,"['tv', 'cbs', 'cbs']"
211,1676637070388486100_frame0.jpg,"['tv', 'cnn']"
212,1682853913658691600_frame0.jpg,"['tv', 'tnt']"
213,1665992693114839000_frame0.jpg,"['cnn', 'tv']"
214,1684282073189187600_frame0.jpg,"['tv', 'fox_news']"
215,1637459796959461400_frame0.jpg,"['tv', 'msnbc']"
216,1665303504207585300_frame0.jpg,"['tv', 'msnbc']"
217,1674899859238391800_frame0.jpg,"['tv', 'msnbc']"
218,1684546432519970800_frame0.jpg,"['tv', 'cbs', 'cbs', 'tv']"
219,1680688909014626300_frame0.jpg,"['tv', 'espn', 'tv']"
220,1682839067592618000_frame0.jpg,"['tv', 'fox_news']"
221,1683881098687410200_frame0.jpg,"['tv', 'fox_news']"
222,1660024612571857000_frame0.jpg,"['tv', 'tnt']"
223,1683881204803281000_frame0.jpg,"['tv', 'tnt']"
224,1733611177344323600_frame0.jpg,"['tv', 'abc']"
225,1684579776154566700_frame0.jpg,"['tv', 'cbs', 'cbs']"
226,1657491406803038200_frame0.jpg,"['tv', 'tnt']"
227,1717269776406978600_frame0.jpg,"['tv', 'cbs']"
228,1683392080866492400_frame0.jpg,"['tv', 'fox_news']"
229,1674064372474953700_frame0.jpg,"['tv', 'cnn']"
230,1684530911124652000_frame0.jpg,"['tv', 'espn']"
231,1733951325235888000_frame0.jpg,"['tv', 'cbs']"
232,1677795857715495000_frame0.jpg,"['tv', 'tnt']"
233,1660050513820926000_frame0.jpg,"['tv', 'msnbc']"
234,1674138360110653400_frame0.jpg,"['tv', 'tv', 'abc', 'cbs', 'tv']"
235,1649866901481861000_frame0.jpg,"['tv', 'cbs']"
236,1717253943219757000_frame0.jpg,"['tv', 'cbs', 'cbs']"
237,1658212152386818000_frame0.jpg,['tv']
238,1675818632250220500_frame0.jpg,"['tv', 'cnn']"
239,1684579456766832600_frame0.jpg,"['tv', 'cbs', 'cbs', 'espn']"
240,1640799299862364200_frame0.jpg,"['tv', 'espn']"
241,1668132478893744000_frame0.jpg,"['tv', 'msnbc', 'tv']"
242,1663127265577275400_frame0.jpg,"['tv', 'msnbc']"
243,1684585175389905000_frame0.jpg,"['tv', 'cbs', 'tv', 'tv']"
244,1684335336676655000_frame0.jpg,"['tv', 'espn']"
245,1675240521112510500_frame0.jpg,"['tv', 'cnn']"
246,1666906185053302800_frame0.jpg,"['tv', 'tnt']"
247,1683916700635959300_frame0.jpg,"['tv', 'espn']"
248,1666409343806894000_frame0.jpg,"['tv', 'espn']"
249,1662117246291464200_frame0.jpg,"['tv', 'cnn']"
250,1667773969564029000_frame0.jpg,"['tv', 'msnbc']"
251,1670522262899466200_frame0.jpg,"['tv', 'cnn']"
252,1684653701463142400_frame0.jpg,"['tv', 'cbs']"
253,1666502138525708300_frame0.jpg,"['tv', 'cbs', 'cbs']"
254,1684566705029902300_frame0.jpg,"['tv', 'cbs', 'cbs']"
255,1665070545340768300_frame0.jpg,"['tv', 'cnn', 'cnn']"
256,1731383674449965000_frame0.jpg,"['tv', 'cbs']"
257,1735360632716308500_frame0.jpg,"['tv', 'cbs']"
258,1684573401605210000_frame0.jpg,"['tv', 'msnbc', 'cbs']"
259,1665113276150739000_frame0.jpg,"['tv', 'fox_news', 'msnbc']"
260,1684617865828761600_frame0.jpg,"['tv', 'cbs', 'cbs']"
261,1672750825153306600_frame0.jpg,"['tv', 'abc']"
262,1684580624213602300_frame0.jpg,"['tv', 'cbs']"
263,1673098687166881800_frame0.jpg,"['tv', 'cnn']"
264,1676300729620385800_frame0.jpg,"['tv', 'espn']"
265,1670148428161630200_frame0.jpg,"['tv', 'tnt']"
266,1666781081803747300_frame0.jpg,"['tv', 'cnn']"
267,1683552736886468600_frame0.jpg,"['tv', 'fox_news']"
268,1676199800044789800_frame0.jpg,"['tv', 'espn']"
269,1670155898342957000_frame0.jpg,"['tv', 'tnt']"
270,1661532741818183700_frame0.jpg,"['tv', 'tnt']"
271,1667633285993394200_frame0.jpg,"['tv', 'cnn']"
272,1675231263536996400_frame0.jpg,"['tv', 'tnt']"
273,1684550882848534500_frame0.jpg,"['tv', 'cbs', 'cbs']"
274,1659195840851423200_frame0.jpg,"['tv', 'cnn']"
275,1666787773757096000_frame0.jpg,"['tv', 'tv', 'tv']"
276,1669843959221895200_frame0.jpg,"['tv', 'msnbc']"
277,1671270557678571500_frame0.jpg,"['tv', 'abc', 'abc', 'espn']"
278,1717266779908194300_frame0.jpg,"['tv', 'cbs', 'cbs', 'cbs']"
279,1657491802363551700_frame0.jpg,"['tv', 'tnt']"
280,1671602204148043800_frame0.jpg,"['tv', 'espn']"
281,1677357553597591600_frame0.jpg,"['tv', 'fox_news', 'tv']"
282,1683832160915624000_frame0.jpg,"['tv', 'fox_news', 'fox_news']"
283,1682270965662281700_frame0.jpg,"['tv', 'fox_news']"
284,1663899311194366000_frame0.jpg,"['tv', 'tnt']"
285,1659991824338600000_frame0.jpg,"['tv', 'tnt']"
286,1677339956869181400_frame0.jpg,"['tv', 'fox_news']"
287,1643681105385197600_frame0.jpg,"['tv', 'cbs', 'cbs']"
288,1680525535614165000_frame0.jpg,"['tv', 'fox_news']"
289,1683859924418891800_frame0.jpg,"['tv', 'fox_news']"
290,1735352017414541300_frame0.jpg,"['tv', 'cbs', 'cbs', 'tv']"
291,1672753306457440300_frame0.jpg,"['tv', 'msnbc']"
292,1682090284160176000_frame0.jpg,"['tv', 'abc', 'espn']"
293,1659998110383898600_frame0.jpg,"['tv', 'tnt']"
294,1684578399487578000_frame0.jpg,"['tv', 'cbs', 'cbs', 'tv']"
295,1660040135804207000_frame0.jpg,"['tv', 'tnt']"
296,1656734073420275700_frame0.jpg,"['tv', 'msnbc']"
297,1683112581344055300_frame0.jpg,"['tv', 'espn']"
298,1657866288606765000_frame0.jpg,"['tv', 'tnt']"
299,1677798473778397200_frame0.jpg,"['tv', 'tnt']"
300,1683902595095142400_frame0.jpg,"['tv', 'espn']"
301,1666170466248732700_frame0.jpg,"['tv', 'cnn', 'cnn']"
302,1677314416699289600_frame0.jpg,"['tv', 'espn', 'espn']"
303,1717225963315626000_frame0.jpg,"['tv', 'cbs']"
304,1666426042065092600_frame0.jpg,"['tv', 'espn']"
305,1666783672990269400_frame0.jpg,"['tv', 'espn']"
306,1682747037046616000_frame0.jpg,"['tv', 'fox_news']"
307,1666809005512634400_frame0.jpg,"['tv', 'cbs', 'espn']"
308,1666370744638042000_frame0.jpg,"['tv', 'espn']"
309,1677758965594812400_frame0.jpg,"['tv', 'fox_news', 'tv']"
310,1684563611030167600_frame0.jpg,"['tv', 'cbs', 'cbs']"
311,1659987509649637400_frame0.jpg,"['tv', 'tnt']"
312,1717288226739269600_frame0.jpg,"['tv', 'cbs', 'espn']"
313,1671793830619357200_frame0.jpg,"['tv', 'cnn']"
314,1681632220541915100_frame0.jpg,"['tv', 'tnt']"
315,1718014947276955600_frame0.jpg,"['tv', 'cbs']"
316,1676572736266285000_frame0.jpg,"['tv', 'cbs']"
317,1683857703262294000_frame0.jpg,"['tv', 'abc']"
318,1717227354826252300_frame0.jpg,"['tv', 'cbs']"
319,1684548450861052000_frame0.jpg,"['tv', 'cbs', 'cbs']"
320,1684602858571300900_frame0.jpg,"['tv', 'cbs', 'cbs']"
321,1666864337484062700_frame0.jpg,"['tv', 'cbs', 'cbs']"
322,1718001760615891000_frame0.jpg,"['tv', 'cbs', 'cbs']"
323,1683433510297219000_frame0.jpg,"['tv', 'fox_news']"
324,1683438158982746000_frame0.jpg,"['tv', 'fox_news']"
325,1640001845436973000_frame0.jpg,"['tv', 'msnbc']"
326,1683009546705997800_frame0.jpg,"['tv', 'fox_news']"
327,1646163431490879500_frame0.jpg,"['tv', 'espn']"
328,1662402935809671200_frame0.jpg,"['tv', 'cnn', 'cnn']"
329,1643964267193561000_frame0.jpg,"['tv', 'msnbc']"
330,1650345718604378000_frame0.jpg,"['tv', 'msnbc']"
331,1658197850103754800_frame0.jpg,"['tv', 'tnt']"
332,1678301933477060600_frame0.jpg,"['tv', 'fox_news', 'tv']"
333,1684481107824865300_frame0.jpg,"['tv', 'espn']"
334,1674071857931845600_frame0.jpg,"['tv', 'abc']"
335,1656999968512213000_frame0.jpg,"['tv', 'espn']"
336,1684550221100548000_frame0.jpg,"['tv', 'cbs', 'cbs']"
337,1643545980861177900_frame0.jpg,"['tv', 'espn']"
338,1643627817860096000_frame0.jpg,['tv']
339,1675107752294232000_frame0.jpg,"['tv', 'cnn', 'cnn']"
340,1667598376146903000_frame0.jpg,"['tv', 'abc']"
341,1684607772047560700_frame0.jpg,"['tv', 'cbs', 'cbs']"
342,1675581455306088400_frame0.jpg,"['tv', 'cnn']"
343,1674644330926678000_frame0.jpg,"['tv', 'cnn']"
344,1677357071512637400_frame0.jpg,"['tv', 'fox_news']"
345,1641480360376262700_frame0.jpg,"['tv', 'tv']"
346,1665078595996905500_frame0.jpg,"['tv', 'cnn', 'cnn']"
347,1679809508144124000_frame0.jpg,"['tv', 'fox_news']"
348,1666324290552725500_frame0.jpg,"['tv', 'cnn']"
349,1666618489944699000_frame0.jpg,"['tv', 'cnn']"
350,1684596957798068200_frame0.jpg,"['tv', 'cbs']"
351,1684316698477330400_frame0.jpg,['tv']
352,1684599579611308000_frame0.jpg,"['tv', 'cbs', 'cbs']"
353,1684623226572972000_frame0.jpg,['tv']
354,1656009160317284400_frame0.jpg,"['tv', 'tnt']"
355,1666375804734406700_frame0.jpg,"['espn', 'tv']"
356,1684297876857024500_frame0.jpg,"['tv', 'espn']"
357,1667553633144725500_frame0.jpg,"['tv', 'msnbc']"
358,1673215306748747800_frame0.jpg,"['tv', 'abc']"
359,1680353333052805000_frame0.jpg,"['tv', 'tnt']"
360,1666524091701526500_frame0.jpg,"['tv', 'espn', 'abc']"
361,1684543334523117600_frame0.jpg,"['tv', 'cbs']"
362,1684543895993614300_frame0.jpg,"['tv', 'cbs']"
363,1684170476051624000_frame0.jpg,"['tv', 'cbs', 'cbs']"
364,1666467360208429000_frame0.jpg,"['tv', 'espn', 'tv']"
365,1663559402277322800_frame0.jpg,"['tv', 'cnn', 'cnn']"
366,1684597899272462300_frame0.jpg,"['tv', 'cbs', 'cbs']"
367,1684520391197851600_frame0.jpg,"['tv', 'fox_news']"
368,1652401261321949200_frame0.jpg,"['tv', 'tnt']"
369,1681048046038769700_frame0.jpg,"['tv', 'tnt']"
370,1676537283563548700_frame0.jpg,"['tv', 'msnbc']"
371,1666396955938496500_frame0.jpg,"['tv', 'espn', 'cbs']"
372,1684169264648491000_frame0.jpg,"['tv', 'abc']"
373,1646044556409450500_frame0.jpg,"['tv', 'tv', 'msnbc']"
374,1657524810600702000_frame0.jpg,"['tv', 'tnt']"
375,1661860410074177500_frame0.jpg,"['tv', 'msnbc']"
376,1675833731434172400_frame0.jpg,"['tv', 'cnn']"
377,1683203094990590000_frame0.jpg,"['tv', 'fox_news']"
378,1684603262285717500_frame0.jpg,"['tv', 'cbs']"
379,1679400676259651600_frame0.jpg,"['tv', 'fox_news']"
380,1683702542476841000_frame0.jpg,"['tv', 'fox_news']"
381,1664609452667453400_frame0.jpg,"['tv', 'cnn']"
382,1673654015700852700_frame0.jpg,"['tv', 'abc']"
383,1674882766858129400_frame0.jpg,"['tv', 'cnn']"
384,1657507265764143000_frame0.jpg,"['tv', 'tnt']"
385,1666411546160398300_frame0.jpg,"['tv', 'espn', 'espn', 'abc']"
386,1665067886588305400_frame0.jpg,"['tv', 'cnn']"
387,1664664767710748700_frame0.jpg,"['tv', 'cnn', 'cnn']"
388,1672691317676802000_frame0.jpg,"['tv', 'tnt']"
389,1660205896225030100_frame0.jpg,"['tv', 'cnn', 'cnn']"
390,1677768004437373000_frame0.jpg,"['tv', 'tnt']"
391,1682530220701175800_frame0.jpg,"['tv', 'fox_news']"
392,1654174926317318100_frame0.jpg,"['tv', 'msnbc']"
393,1683746108913815600_frame0.jpg,"['tv', 'msnbc']"
394,1667868562104111000_frame0.jpg,"['tv', 'cnn']"
395,1675483105357574100_frame0.jpg,"['tv', 'msnbc']"
396,1674071066043072500_frame0.jpg,"['tv', 'abc', 'abc', 'tv', 'espn', 'tv', 'tv']"
397,1639105940982714400_frame0.jpg,"['tv', 'espn', 'espn', 'espn']"
398,1667876681290932200_frame0.jpg,"['tv', 'espn']"
399,1684543937143898000_frame0.jpg,"['tv', 'cbs', 'cbs']"
400,1666792040307990500_frame0.jpg,"['tv', 'cbs']"
401,1661416786978963500_frame0.jpg,"['tv', 'cnn', 'cnn']"
402,1733837969271304200_frame0.jpg,"['tv', 'cbs', 'cbs']"
403,1675521576285528000_frame0.jpg,"['tv', 'cnn', 'tv', 'tv']"
404,1684112028987363300_frame0.jpg,"['tv', 'espn']"
405,1670714697373991000_frame0.jpg,"['tv', 'cnn']"
406,1671608848240087000_frame0.jpg,"['tv', 'abc', 'abc']"
407,1683876458411397000_frame0.jpg,"['tv', 'fox_news']"
408,1666515955435462700_frame0.jpg,"['tv', 'espn', 'cbs']"
409,1665236992494928000_frame0.jpg,"['tv', 'msnbc']"
410,1684623788710297600_frame0.jpg,"['tv', 'cbs']"
411,1684304349645344800_frame0.jpg,['tv']
412,1649204813805658000_frame0.jpg,"['tv', 'tnt']"
413,1671234401301708800_frame0.jpg,"['tv', 'abc', 'abc', 'espn']"
414,1665174777028976600_frame0.jpg,"['tv', 'cnn']"
415,1672429984163111000_frame0.jpg,"['tv', 'msnbc']"
416,1667775011068371000_frame0.jpg,"['tv', 'cnn']"
417,1649638642492125200_frame0.jpg,"['tv', 'msnbc']"
418,1666452516419690500_frame0.jpg,"['tv', 'espn']"
419,1657884562509897700_frame0.jpg,"['tv', 'msnbc']"
420,1670170788457627600_frame0.jpg,"['cnn', 'tv']"
421,1684579974377500700_frame0.jpg,"['tv', 'cbs', 'cbs', 'espn']"
422,1667537640070639600_frame0.jpg,"['tv', 'espn', 'espn']"
423,1665281852459491300_frame0.jpg,"['tv', 'msnbc']"
424,1652453821282111500_frame0.jpg,"['tv', 'tv', 'tnt', 'tv', 'tv']"
425,1667436200551575600_frame0.jpg,"['tv', 'cnn']"
426,1677585649697337300_frame0.jpg,"['tv', 'fox_news']"
427,1674076389969567700_frame0.jpg,"['tv', 'abc', 'espn', 'espn']"
428,1684628330222977000_frame0.jpg,"['tv', 'cbs', 'cbs']"
429,1680824766862286800_frame0.jpg,"['tv', 'fox_news']"
430,1662183722075586600_frame0.jpg,"['tv', 'cnn']"
431,1657512127176388600_frame0.jpg,"['tv', 'tnt']"
432,1665389943406465000_frame0.jpg,"['tv', 'cnn']"
433,1666495248928403500_frame0.jpg,"['tv', 'abc', 'abc', 'espn']"
434,1666409146653606000_frame0.jpg,['tv']
435,1660030154820321300_frame0.jpg,"['tv', 'tnt', 'tnt']"
436,1660617177851527200_frame0.jpg,"['tv', 'cnn']"
437,1676963432101884000_frame0.jpg,"['tv', 'msnbc']"
438,1684608726012653600_frame0.jpg,"['tv', 'cbs', 'cbs']"
439,1684589494637953000_frame0.jpg,"['tv', 'cbs', 'cbs']"
440,1674147681573904400_frame0.jpg,"['tv', 'abc']"
441,1660045255585579000_frame0.jpg,"['tv', 'tnt']"
442,1670172770756997000_frame0.jpg,"['tv', 'tnt', 'espn']"
443,1671600565014040600_frame0.jpg,"['tv', 'abc']"
444,1659991611221852200_frame0.jpg,"['tv', 'tnt']"
445,1666414668438106000_frame0.jpg,"['tv', 'cbs', 'cbs']"
446,1657491862040211500_frame0.jpg,"['tv', 'tnt']"
447,1684597437903216600_frame0.jpg,"['tv', 'cbs', 'cbs']"
448,1678445096963448800_frame0.jpg,"['tv', 'fox_news', 'tnt']"
449,1679872319390027800_frame0.jpg,"['tv', 'fox_news']"
450,1671263001962946600_frame0.jpg,"['tv', 'cbs', 'cbs']"
451,1669002005336604700_frame0.jpg,"['tv', 'abc']"
452,1651320870976626700_frame0.jpg,"['tv', 'espn']"
453,1666895916885401600_frame0.jpg,"['tv', 'cbs']"
454,1667436272261648400_frame0.jpg,"['tv', 'cnn']"
455,1680708553653960700_frame0.jpg,"['tv', 'tnt']"
456,1718024124896485400_frame0.jpg,"['tv', 'cbs']"
457,1666425287887351800_frame0.jpg,"['tv', 'espn']"
458,1684629683339001900_frame0.jpg,"['tv', 'cbs', 'cbs']"
459,1648234965227348000_frame0.jpg,"['tv', 'msnbc']"
460,1678124511502835700_frame0.jpg,"['tv', 'fox_news']"
461,1674069881567428600_frame0.jpg,"['tv', 'abc']"
462,1665281364531912700_frame0.jpg,"['tv', 'cnn', 'espn']"
463,1670030128182214700_frame0.jpg,['tv']
464,1661986054674088000_frame0.jpg,"['tv', 'cnn']"
465,1680285884294992000_frame0.jpg,"['tv', 'fox_news']"
466,1683857458533048300_frame0.jpg,"['tv', 'cbs', 'cbs']"
467,1669053611100983300_frame0.jpg,"['tv', 'cbs']"
468,1643609149604466700_frame0.jpg,"['tv', 'cbs']"
469,1635666341178380300_frame0.jpg,"['tv', 'fox_news', 'tv']"
470,1683990691744653300_frame0.jpg,"['tv', 'cbs']"
471,1666461474048024600_frame0.jpg,"['tv', 'abc', 'abc', 'espn']"
472,1671603169576132600_frame0.jpg,"['tv', 'abc', 'tv']"
473,1643604387450347500_frame0.jpg,"['tv', 'cbs']"
474,1664815346068066300_frame0.jpg,"['tv', 'tnt']"
475,1662694408094589000_frame0.jpg,"['tv', 'cnn']"
476,1662144537113399300_frame0.jpg,"['tv', 'msnbc']"
477,1642380097375826000_frame0.jpg,"['tv', 'msnbc', 'tv']"
478,1735344912922120200_frame0.jpg,"['tv', 'tv', 'cbs', 'cbs', 'cbs']"
479,1657489998032773000_frame0.jpg,"['tv', 'tnt']"
480,1677024263669932000_frame0.jpg,"['tv', 'tnt']"
481,1735366874205630500_frame0.jpg,"['tv', 'cbs']"
482,1674592019214766000_frame0.jpg,['tv']
483,1684546697675473000_frame0.jpg,"['tv', 'cbs', 'cbs', 'tv', 'tv', 'tv']"
484,1669654421459550200_frame0.jpg,"['tv', 'cnn']"
485,1683450231347290000_frame0.jpg,"['tv', 'fox_news']"
486,1676666037136846800_frame0.jpg,"['tv', 'tnt']"
487,1677756788935614500_frame0.jpg,"['tv', 'abc']"
488,1670184489076203500_frame0.jpg,"['tnt', 'tv', 'tv']"
489,1683518901104722000_frame0.jpg,"['tv', 'fox_news']"
490,1684349276873818000_frame0.jpg,"['tv', 'cbs']"
491,1717253984974090200_frame0.jpg,"['tv', 'cbs', 'cbs']"
492,1665220267196063700_frame0.jpg,"['tv', 'msnbc']"
493,1666793348888834000_frame0.jpg,"['tv', 'cbs', 'cbs']"
494,1666467056192610300_frame0.jpg,"['tv', 'espn']"
495,1657455046436085800_frame0.jpg,"['tv', 'tnt']"
496,1683795446411104300_frame0.jpg,"['tv', 'fox_news']"
497,1678323835960623000_frame0.jpg,"['tv', 'fox_news']"
498,1661094150046564400_frame0.jpg,"['tv', 'cbs']"
499,1667520501532127200_frame0.jpg,"['tv', 'cnn']"
500,1674064376589557800_frame0.jpg,"['tv', 'abc']"
501,1678808744068120600_frame0.jpg,"['tv', 'fox_news']"
502,1684545945817096200_frame0.jpg,"['tv', 'cbs', 'cbs']"
503,1681040170104705000_frame0.jpg,"['tv', 'fox_news']"
504,1671541809156722700_frame0.jpg,"['tv', 'abc', 'abc', 'espn']"
505,1678311816003911700_frame0.jpg,"['tv', 'fox_news']"
506,1671623508385439700_frame0.jpg,"['tv', 'abc']"
507,1665448234753040400_frame0.jpg,"['tv', 'cnn']"
508,1684490499530027000_frame0.jpg,"['tv', 'espn', 'espn', 'espn']"
509,1666800409076871200_frame0.jpg,"['tv', 'cbs', 'cbs']"
510,1664326840124182500_frame0.jpg,"['tv', 'cnn', 'msnbc']"
511,1666554548711325700_frame0.jpg,"['tv', 'espn', 'abc']"
512,1637466400677200000_frame0.jpg,"['tv', 'msnbc']"
513,1682614810837045200_frame0.jpg,"['tv', 'espn', 'espn']"
514,1654595038367277000_frame0.jpg,"['tv', 'msnbc']"
515,1657491937030152200_frame0.jpg,"['tv', 'tnt']"
516,1684543778041397200_frame0.jpg,"['tv', 'cbs', 'espn']"
517,1682508145282330600_frame0.jpg,"['tv', 'fox_news']"
518,1674502395536707600_frame0.jpg,"['tv', 'abc']"
519,1676261280903704600_frame0.jpg,"['tv', 'cnn']"
520,1668286064562917400_frame0.jpg,"['tv', 'cbs']"
521,1661108636635689000_frame0.jpg,"['tv', 'tnt']"
522,1684607584960512000_frame0.jpg,"['tv', 'cbs', 'cbs', 'tv']"
523,1718005482985140200_frame0.jpg,"['tv', 'cbs']"
524,1650531523553771500_frame0.jpg,"['tv', 'espn', 'espn']"
525,1666520621057601500_frame0.jpg,"['tv', 'abc']"
526,1666547942300844000_frame0.jpg,"['tv', 'abc', 'espn']"
527,1636001624134520800_frame0.jpg,"['tv', 'tv', 'espn', 'cbs']"
528,1684619824715604000_frame0.jpg,"['tv', 'cbs', 'cbs']"
529,1668950375262118000_frame0.jpg,"['tv', 'tnt']"
530,1655545967631421400_frame0.jpg,"['tv', 'msnbc']"
531,1681284488321122300_frame0.jpg,"['tv', 'espn', 'espn']"
532,1665454590226624500_frame0.jpg,"['tv', 'msnbc']"
533,1666814946387751000_frame0.jpg,"['tv', 'espn', 'abc', 'espn']"
534,1717996232925880300_frame0.jpg,"['tv', 'cbs', 'cbs']"
535,1717300571909730300_frame0.jpg,"['tv', 'cbs', 'cbs']"
536,1683809680536703000_frame0.jpg,"['tv', 'espn']"
537,1657480507266498600_frame0.jpg,"['tv', 'tnt']"
538,1681399603448078300_frame0.jpg,"['tv', 'abc']"
539,1682356541807710200_frame0.jpg,"['tv', 'fox_news']"
540,1684546445509722000_frame0.jpg,"['tv', 'tv', 'cbs', 'tv']"
541,1670155473678049300_frame0.jpg,"['tv', 'tnt']"
542,1684581477913849900_frame0.jpg,"['tv', 'cbs', 'cbs']"
543,1684531028363878400_frame0.jpg,"['tv', 'espn']"
544,1644720823820451800_frame0.jpg,"['tv', 'msnbc']"
545,1718007822203060200_frame0.jpg,"['tv', 'cbs']"
546,1717195484646383600_frame0.jpg,['tv']
547,1682509060722708500_frame0.jpg,"['tv', 'tnt']"
548,1640469985438564400_frame0.jpg,"['tv', 'cbs', 'cbs']"
549,1665734173006016500_frame0.jpg,"['tv', 'cnn']"
550,1650091383215726600_frame0.jpg,"['tv', 'msnbc', 'cbs', 'tv']"
551,1658163455481360400_frame0.jpg,"['tv', 'tnt']"
552,1644971798967615500_frame0.jpg,"['tv', 'msnbc']"
553,1673093697530523600_frame0.jpg,['tv']
554,1659190886250147800_frame0.jpg,"['tv', 'msnbc']"
555,1662054613018321000_frame0.jpg,"['tv', 'cnn']"
556,1682814553789902800_frame0.jpg,"['tv', 'fox_news']"
557,1666725424555729000_frame0.jpg,"['tv', 'cnn']"
558,1680339576691966000_frame0.jpg,"['tv', 'espn']"
559,1683868253291614200_frame0.jpg,"['tv', 'fox_news']"
560,1676678501748564000_frame0.jpg,"['tv', 'tnt']"
561,1684620996096684000_frame0.jpg,"['tv', 'cbs', 'tv', 'tv', 'cbs']"
562,1666434273952923600_frame0.jpg,"['tv', 'espn', 'tv']"
563,1684543549581947000_frame0.jpg,"['tv', 'cbs', 'cbs']"
564,1718028700177473500_frame0.jpg,"['tv', 'cbs', 'tv']"
565,1717163358890832000_frame0.jpg,"['tv', 'cbs', 'espn', 'cbs', 'cbs']"
566,1641662639090196500_frame0.jpg,"['tv', 'fox_news', 'msnbc']"
567,1658171167795683300_frame0.jpg,"['tv', 'tnt', 'tnt']"
568,1684570233509052400_frame0.jpg,"['tv', 'fox_news']"
569,1667800028686643200_frame0.jpg,"['tv', 'cnn']"
570,1680102115223101400_frame0.jpg,"['tv', 'fox_news']"
571,1666705044348600300_frame0.jpg,"['tv', 'cnn']"
572,1684307892842315800_frame0.jpg,"['tv', 'espn']"
573,1666548890192638000_frame0.jpg,"['tv', 'abc']"
574,1682838941901844500_frame0.jpg,"['tv', 'fox_news']"
575,1684552571286454300_frame0.jpg,"['tv', 'cbs', 'cbs']"
576,1674899640283144200_frame0.jpg,"['tv', 'cnn']"
577,1672376370195406800_frame0.jpg,"['tv', 'msnbc']"
578,1664954247298420700_frame0.jpg,"['tv', 'msnbc']"
579,1684626001482608600_frame0.jpg,"['tv', 'cbs', 'cbs', 'espn', 'cbs']"
580,1684597507247636500_frame0.jpg,"['tv', 'cbs']"
581,1660045430949507000_frame0.jpg,"['tv', 'tnt']"
582,1682370298319532000_frame0.jpg,"['tv', 'fox_news']"
583,1684546676083196000_frame0.jpg,"['tv', 'cbs', 'cbs', 'tv']"
584,1681975030637977600_frame0.jpg,"['tv', 'fox_news']"
585,1674028401138081800_frame0.jpg,"['tv', 'abc', 'abc']"
586,1637142015244304400_frame0.jpg,"['tv', 'msnbc']"
587,1665070217941749800_frame0.jpg,"['tv', 'fox_news']"
588,1684294934154309600_frame0.jpg,"['tv', 'espn', 'espn']"
589,1676468707645276200_frame0.jpg,"['tv', 'abc']"
590,1675277818126233600_frame0.jpg,"['tv', 'cnn']"
591,1667785667616297000_frame0.jpg,"['tv', 'abc']"
592,1671608879798112300_frame0.jpg,"['tv', 'abc']"
593,1660734459693056000_frame0.jpg,"['tv', 'cnn', 'fox_news']"
594,1659289825410318300_frame0.jpg,"['tv', 'msnbc']"
595,1679919480190386200_frame0.jpg,"['tv', 'abc']"
596,1684552267769892900_frame0.jpg,"['tv', 'cbs', 'cbs']"
597,1666455004350775300_frame0.jpg,"['tv', 'espn', 'espn']"
598,1667405374275305500_frame0.jpg,"['tv', 'msnbc']"
599,1663317748102488000_frame0.jpg,"['tv', 'msnbc']"
600,1684587646053044200_frame0.jpg,"['tv', 'fox_news']"
601,1680506938003144700_frame0.jpg,"['tv', 'fox_news', 'tv']"
602,1684550912032407600_frame0.jpg,"['tv', 'cbs', 'cbs']"
603,1657541458820964400_frame0.jpg,"['tv', 'tnt', 'cbs']"
604,1648282065906446300_frame0.jpg,"['tv', 'msnbc']"
605,1666805103870451700_frame0.jpg,"['tv', 'cbs', 'cbs']"
606,1678793705760350200_frame0.jpg,"['tv', 'fox_news']"
607,1644934204145897500_frame0.jpg,"['tv', 'msnbc']"
608,1667129575324381200_frame0.jpg,"['tv', 'espn', 'espn']"
609,1680579655406547000_frame0.jpg,"['tv', 'fox_news']"
610,1657516857151742000_frame0.jpg,"['tv', 'tnt', 'tnt']"
611,1674060147221143600_frame0.jpg,"['tv', 'espn', 'abc', 'espn']"
612,1665401208203907000_frame0.jpg,"['tv', 'cnn']"
613,1666791429550141400_frame0.jpg,"['tv', 'cbs', 'cbs', 'cbs']"
614,1684155891873579000_frame0.jpg,"['tv', 'fox_news']"
615,1684303060672757800_frame0.jpg,"['tv', 'espn']"
616,1717240838200856600_frame0.jpg,"['tv', 'cbs']"
617,1684162921413808000_frame0.jpg,"['tv', 'fox_news', 'tv']"
618,1666797329694425000_frame0.jpg,"['tv', 'cbs', 'cbs']"
619,1656013492639027200_frame0.jpg,"['tv', 'tnt', 'tv']"
620,1641049095709778000_frame0.jpg,['tv']
621,1683863597987467300_frame0.jpg,"['tv', 'fox_news']"
622,1679740477538111500_frame0.jpg,"['tv', 'fox_news']"
623,1676138091091341300_frame0.jpg,"['tv', 'cnn']"
624,1684365522927353900_frame0.jpg,"['tv', 'fox_news']"
625,1666813200361947100_frame0.jpg,"['tv', 'cbs']"
626,1682402326041645000_frame0.jpg,"['tv', 'fox_news', 'tv', 'espn']"
627,1678854184507539500_frame0.jpg,"['tv', 'fox_news']"
628,1718001197991952400_frame0.jpg,"['tv', 'cbs']"
629,1661631067477610500_frame0.jpg,"['tv', 'cnn']"
630,1677373324751122400_frame0.jpg,"['tv', 'fox_news']"
631,1684598167154196500_frame0.jpg,"['tv', 'cbs', 'cbs']"
632,1666460119283593200_frame0.jpg,"['tv', 'espn', 'espn']"
633,1684546121231270000_frame0.jpg,"['tv', 'cbs']"
634,1663068933386690600_frame0.jpg,"['tv', 'msnbc']"
635,1683838710669447200_frame0.jpg,"['tv', 'fox_news', 'tv']"
636,1672650407463182300_frame0.jpg,"['tv', 'msnbc']"
637,1658215400866943000_frame0.jpg,"['tv', 'tnt']"
638,1665209157520720000_frame0.jpg,"['tv', 'msnbc']"
639,1679940642123325400_frame0.jpg,"['tv', 'fox_news', 'msnbc']"
640,1684456432558272500_frame0.jpg,['tv']
641,1651989521874665500_frame0.jpg,"['tv', 'espn']"
642,1684633005211119600_frame0.jpg,['tv']
643,1684543556171112400_frame0.jpg,"['tv', 'cbs', 'tv']"
644,1666412915122610200_frame0.jpg,"['tv', 'espn']"
645,1684556314082058200_frame0.jpg,"['tv', 'tv', 'cbs', 'tv']"
646,1673633171255681000_frame0.jpg,"['tv', 'cnn']"
647,1649018669377908700_frame0.jpg,"['tv', 'tnt']"
648,1657525796144783400_frame0.jpg,"['tv', 'tnt']"
649,1667947291614494700_frame0.jpg,"['tv', 'espn', 'tv']"
650,1717631772801466400_frame0.jpg,"['tv', 'cbs', 'tv']"
651,1717227190527037400_frame0.jpg,"['tv', 'cbs']"
652,1667485739102879700_frame0.jpg,"['tv', 'cnn']"
653,1666477782734995500_frame0.jpg,"['tv', 'espn']"
654,1684543183385653200_frame0.jpg,"['tv', 'cbs', 'cbs', 'cbs', 'tv', 'cbs', 'cbs', 'cbs', 'tv']"
655,1677780731956420600_frame0.jpg,"['tv', 'fox_news']"
656,1671627563866366000_frame0.jpg,"['tv', 'abc']"
657,1665245348668379100_frame0.jpg,"['tv', 'cnn', 'cnn']"
658,1684548260406096000_frame0.jpg,"['tv', 'cbs']"
659,1684601998625775600_frame0.jpg,"['tv', 'cbs', 'espn', 'cbs']"
660,1648188136527769600_frame0.jpg,"['tv', 'msnbc']"
661,1655290500334248000_frame0.jpg,"['tv', 'tnt']"
662,1649059346811777000_frame0.jpg,"['tv', 'cbs', 'cbs']"
663,1717240660936999000_frame0.jpg,"['tv', 'cbs']"
664,1671607521263067100_frame0.jpg,"['tv', 'abc']"
665,1676690809187053600_frame0.jpg,"['tv', 'tnt', 'tv']"
666,1678480325061181400_frame0.jpg,"['tv', 'fox_news']"
667,1684547301189668900_frame0.jpg,"['tv', 'cbs']"
668,1667189511127363600_frame0.jpg,"['tv', 'espn']"
669,1661094332515565600_frame0.jpg,"['tv', 'tnt']"
670,1661039642239152000_frame0.jpg,"['tv', 'cnn']"
671,1683078002138726400_frame0.jpg,"['tv', 'fox_news']"
672,1684511141444714500_frame0.jpg,['tv']
673,1640087953311064000_frame0.jpg,"['tv', 'espn']"
674,1676366269651103700_frame0.jpg,"['tv', 'cnn']"
675,1684552092846391300_frame0.jpg,"['tv', 'cbs', 'abc']"
676,1680319944958513200_frame0.jpg,"['tv', 'tnt']"
677,1684129180041707500_frame0.jpg,"['tv', 'espn']"
678,1684566665515311000_frame0.jpg,"['tv', 'cbs', 'cbs']"
679,1675229189457928200_frame0.jpg,"['tv', 'abc', 'tv']"
680,1647459179423608800_frame0.jpg,"['tv', 'msnbc']"
681,1639487289002328000_frame0.jpg,"['tv', 'msnbc']"
682,1657545501127602200_frame0.jpg,"['tv', 'tnt']"
683,1639307803409633300_frame0.jpg,"['tv', 'msnbc']"
684,1643110770055155700_frame0.jpg,"['tv', 'msnbc']"
685,1679898555826884600_frame0.jpg,"['tv', 'fox_news']"
686,1683399861946318800_frame0.jpg,"['tv', 'fox_news']"
687,1667247489281015800_frame0.jpg,"['tv', 'cnn']"
688,1679906973593747500_frame0.jpg,"['tv', 'fox_news']"
689,1665295555766521900_frame0.jpg,"['tv', 'cnn']"
690,1682720138043912200_frame0.jpg,"['tv', 'fox_news']"
691,1678345358884778000_frame0.jpg,"['tv', 'fox_news']"
692,1665473020480823300_frame0.jpg,"['tv', 'tnt']"
693,1667485674892222500_frame0.jpg,"['tv', 'espn']"
694,1683794356982587400_frame0.jpg,"['tv', 'fox_news']"
695,1666459699219853300_frame0.jpg,"['tv', 'cnn']"
696,1664916299546988500_frame0.jpg,"['tv', 'cnn', 'cnn']"
697,1682327019842490400_frame0.jpg,"['tv', 'abc']"
698,1653735601750442000_frame0.jpg,['tv']
699,1683541526606585900_frame0.jpg,"['tv', 'fox_news']"
700,1684546682412388400_frame0.jpg,"['tv', 'cbs', 'cbs']"
701,1666829824829743000_frame0.jpg,"['tv', 'cbs']"
702,1678326615173542000_frame0.jpg,"['tv', 'fox_news']"
703,1718019249181655000_frame0.jpg,"['tv', 'cbs']"
704,1666796584144212000_frame0.jpg,"['tv', 'cbs', 'cbs']"
705,1684615221454434300_frame0.jpg,"['tv', 'cbs']"
706,1671870104683458600_frame0.jpg,"['tv', 'msnbc', 'tv']"
707,1662221370794233900_frame0.jpg,"['tv', 'msnbc']"
708,1717996640498983000_frame0.jpg,"['tv', 'cbs']"
709,1673229530099179500_frame0.jpg,"['tv', 'abc']"
710,1684524444594335700_frame0.jpg,"['tv', 'espn']"
711,1682482479677644800_frame0.jpg,"['tv', 'abc']"
712,1663204420252360700_frame0.jpg,"['tv', 'cnn', 'cnn']"
713,1641143672324087800_frame0.jpg,"['tv', 'cbs', 'cbs']"
714,1717256963315806200_frame0.jpg,"['tv', 'cbs']"
715,1679838831836233700_frame0.jpg,"['tv', 'fox_news']"
716,1666459534564028400_frame0.jpg,"['tv', 'espn']"
717,1646864107275571200_frame0.jpg,"['tv', 'msnbc']"
718,1673665843801694200_frame0.jpg,"['tv', 'cnn', 'cnn']"
719,1662378789289644000_frame0.jpg,"['tv', 'cnn']"
720,1671155011825975300_frame0.jpg,"['tv', 'cnn']"
721,1660689003554336800_frame0.jpg,"['tv', 'tnt']"
722,1670325099095408600_frame0.jpg,"['tv', 'msnbc']"
723,1678631975927275500_frame0.jpg,"['tv', 'fox_news']"
724,1680458526805291000_frame0.jpg,"['tv', 'fox_news']"
725,1666786461418000400_frame0.jpg,"['tv', 'cbs', 'cbs', 'cbs']"
726,1680245763499724800_frame0.jpg,"['tv', 'fox_news']"
727,1665248543461449700_frame0.jpg,"['tv', 'cnn']"
728,1664869274361110500_frame0.jpg,"['tv', 'msnbc']"
729,1657678357300523000_frame0.jpg,"['tv', 'msnbc']"
730,1659602758887616500_frame0.jpg,"['tv', 'cnn']"
731,1684523002613592000_frame0.jpg,"['tv', 'espn', 'tv', 'tv']"
732,1666399049042915300_frame0.jpg,"['tv', 'espn', 'tv']"
733,1671613487429783600_frame0.jpg,"['tv', 'abc', 'espn']"
734,1716911439328927700_frame0.jpg,"['tv', 'cbs']"
735,1668604729137156000_frame0.jpg,"['tv', 'cnn']"
736,1684559621068550100_frame0.jpg,"['tv', 'cbs', 'cbs']"
737,1678105396700536800_frame0.jpg,"['tv', 'abc']"
738,1675624948405657600_frame0.jpg,"['tv', 'msnbc']"
739,1660163925913747500_frame0.jpg,"['tv', 'cnn']"
740,1640817851105403000_frame0.jpg,['tv']
741,1670158515588579300_frame0.jpg,"['tv', 'tnt']"
742,1683860330217808000_frame0.jpg,"['tv', 'cbs']"
743,1669809526133538800_frame0.jpg,"['tv', 'msnbc']"
744,1666504231479148500_frame0.jpg,"['tv', 'abc', 'espn', 'abc']"
745,1684546171055448000_frame0.jpg,"['tv', 'cbs', 'cbs', 'cbs', 'cbs']"
746,1663799534519709700_frame0.jpg,"['tv', 'msnbc']"
747,1667886842445357000_frame0.jpg,"['tv', 'abc']"
748,1677789030323888000_frame0.jpg,"['tv', 'fox_news']"
749,1679879835415068700_frame0.jpg,"['tv', 'fox_news']"
750,1659812574641799200_frame0.jpg,"['tv', 'cnn']"
751,1674069179277344800_frame0.jpg,"['tv', 'abc', 'tv']"
752,1652734017000210400_frame0.jpg,"['tv', 'espn']"
753,1684389271831703600_frame0.jpg,"['tv', 'abc']"
754,1678167519392718800_frame0.jpg,"['tv', 'fox_news']"
755,1669465089725522000_frame0.jpg,"['tv', 'abc']"
756,1665007951271731200_frame0.jpg,"['tv', 'cnn', 'cnn']"
757,1658876569445236700_frame0.jpg,"['tv', 'tnt']"
758,1680594956038795300_frame0.jpg,"['tv', 'espn', 'espn']"
759,1684335411016499200_frame0.jpg,"['tv', 'espn']"
760,1666320620922663000_frame0.jpg,"['tv', 'cnn']"
761,1679902453379743700_frame0.jpg,"['tv', 'fox_news']"
762,1684575961967796200_frame0.jpg,"['tv', 'cbs', 'cbs']"
763,1684352974903574500_frame0.jpg,"['tv', 'abc']"
764,1647901301385756700_frame0.jpg,"['tv', 'msnbc']"
765,1675051422669955000_frame0.jpg,"['tv', 'abc']"
766,1675229643554250800_frame0.jpg,"['tv', 'tnt']"
767,1679179628503228400_frame0.jpg,"['tv', 'cbs', 'cbs', 'cbs', 'tv']"
768,1673284321739305000_frame0.jpg,"['tv', 'cnn']"
769,1666445448732319700_frame0.jpg,"['tv', 'espn']"
770,1657154905506328600_frame0.jpg,"['tv', 'msnbc']"
771,1656803604331245600_frame0.jpg,"['tv', 'tnt']"
772,1674401814029598700_frame0.jpg,"['tv', 'abc', 'espn', 'abc']"
773,1674047003216126000_frame0.jpg,"['tv', 'abc', 'espn']"
774,1671634727875907600_frame0.jpg,"['tv', 'cbs', 'cbs']"
775,1677353956419874800_frame0.jpg,"['tv', 'fox_news']"
776,1661605644622467000_frame0.jpg,"['tv', 'cnn', 'cnn', 'tv']"
777,1673775434908573700_frame0.jpg,"['tv', 'cbs']"
778,1670517285250474000_frame0.jpg,"['tv', 'tnt']"
779,1665755578359636000_frame0.jpg,"['tv', 'tnt']"
780,1665093671105699800_frame0.jpg,"['tv', 'tnt', 'tv']"
781,1718009863667294200_frame0.jpg,"['tv', 'cbs', 'tv']"
782,1673781196347220000_frame0.jpg,"['tv', 'cnn', 'cnn']"
783,1648198227788312600_frame0.jpg,"['tv', 'msnbc']"
784,1658893994345640000_frame0.jpg,"['tv', 'cbs', 'cbs']"
785,1663854321663602700_frame0.jpg,"['tv', 'cnn']"
786,1666452819860811800_frame0.jpg,"['tv', 'espn']"
787,1684575611504296000_frame0.jpg,"['tv', 'cbs', 'cbs']"
788,1666524395679621000_frame0.jpg,"['tv', 'abc', 'espn']"
789,1665077235398242300_frame0.jpg,"['tv', 'cbs', 'cbs']"
790,1663198693903323100_frame0.jpg,"['tv', 'tnt']"
791,1674072117936767000_frame0.jpg,"['tv', 'abc', 'abc', 'espn', 'espn']"
792,1666385774620209200_frame0.jpg,"['tv', 'espn']"
793,1648193637395214300_frame0.jpg,"['tv', 'msnbc']"
794,1664246315481161700_frame0.jpg,"['tv', 'cnn', 'msnbc', 'cnn']"
795,1642900757424476200_frame0.jpg,"['tv', 'msnbc']"
796,1684545914099769300_frame0.jpg,"['tv', 'cbs']"
797,1676513369101709300_frame0.jpg,"['tv', 'cnn']"
798,1667138878953300000_frame0.jpg,"['tv', 'msnbc']"
799,1657500665137660000_frame0.jpg,"['tv', 'tnt']"
800,1680876370823069700_frame0.jpg,"['tv', 'fox_news', 'cbs']"
801,1669291475407536000_frame0.jpg,"['tv', 'abc']"
802,1664544000708829200_frame0.jpg,"['tv', 'msnbc']"
803,1683069459901763600_frame0.jpg,"['tv', 'fox_news']"
804,1684604347553415200_frame0.jpg,"['tv', 'espn']"
805,1655537251859312600_frame0.jpg,['tv']
806,1657523158254743600_frame0.jpg,"['tv', 'tnt']"
807,1684549106153889800_frame0.jpg,"['tv', 'cbs', 'tv']"
808,1677213297994215400_frame0.jpg,"['tv', 'msnbc']"
809,1666526503241883600_frame0.jpg,"['tv', 'espn', 'abc']"
810,1665105668186599400_frame0.jpg,"['tv', 'fox_news']"
811,1684112354423414800_frame0.jpg,"['tv', 'fox_news']"
812,1666449384247685000_frame0.jpg,"['tv', 'espn', 'espn']"
813,1675808957580456000_frame0.jpg,"['tv', 'cnn', 'cnn']"
814,1684301415897366500_frame0.jpg,"['tv', 'espn']"
815,1666460718754455600_frame0.jpg,"['tv', 'espn', 'tv']"
816,1674023858581127200_frame0.jpg,"['tv', 'abc', 'abc']"
817,1674621045086093300_frame0.jpg,"['tv', 'cnn', 'tv']"
818,1684647797506179000_frame0.jpg,"['tv', 'cbs']"
819,1684547737166598100_frame0.jpg,"['tv', 'cbs', 'cbs']"
820,1719063341713965000_frame0.jpg,"['tv', 'cbs']"
821,1684543256454570000_frame0.jpg,"['tv', 'cbs', 'cbs', 'cbs', 'cbs', 'cbs']"
822,1684628795065106400_frame0.jpg,"['tv', 'cbs', 'cbs']"
823,1672361482286866400_frame0.jpg,"['tv', 'espn']"
824,1671619861823967200_frame0.jpg,"['tv', 'abc', 'abc']"
825,1659783693557940200_frame0.jpg,"['tv', 'cnn', 'cnn']"
826,1684606333376123000_frame0.jpg,"['tv', 'cbs', 'cbs']"
827,1660050872383651800_frame0.jpg,"['tv', 'tnt']"
828,1683784643616247800_frame0.jpg,"['tv', 'cbs']"
829,1684571958781464600_frame0.jpg,['tv']
830,1679854686397558800_frame0.jpg,"['tv', 'abc', 'tv']"
831,1684554399390630000_frame0.jpg,"['tv', 'tv', 'cbs']"
832,1652546159949942800_frame0.jpg,"['tv', 'espn', 'espn']"
833,1684154761286381600_frame0.jpg,"['tv', 'espn']"
834,1642799314847764500_frame0.jpg,"['tv', 'msnbc']"
835,1670031696466067500_frame0.jpg,"['tv', 'msnbc']"
